{"cameraMode":{"drawMode":0,"name":"Shaded","section":"Shading Mode"},"sceneLighting":true,"audioPlay":false,"sceneViewState":{"showFog":true,"showMaterialUpdate":false,"showSkybox":true,"showFlares":true,"showImageEffects":true,"showParticleSystems":true},"in2DMode":false,"pivot":{"x":368.29193115234377,"y":177.753173828125,"z":44.20895767211914},"rotation":{"x":0.028805989772081376,"y":-0.0009042112505994737,"z":0.000026064004487125203,"w":0.9995846152305603},"size":496.8270263671875,"orthographic":false}