{"cameraMode":{"drawMode":0,"name":"Shaded","section":"Shading Mode"},"sceneLighting":true,"audioPlay":false,"sceneViewState":{"showFog":true,"showMaterialUpdate":false,"showSkybox":true,"showFlares":true,"showImageEffects":true,"showParticleSystems":true},"in2DMode":false,"pivot":{"x":-0.5689577460289002,"y":18.687971115112306,"z":-45.9326171875},"rotation":{"x":-0.1449739933013916,"y":0.013356946408748627,"z":-0.0019572682213038208,"w":-0.9893434047698975},"size":22.0,"orthographic":false}