{"cameraMode":{"drawMode":0,"name":"Shaded","section":"Shading Mode"},"sceneLighting":true,"audioPlay":false,"sceneViewState":{"showFog":true,"showMaterialUpdate":false,"showSkybox":true,"showFlares":true,"showImageEffects":true,"showParticleSystems":true},"in2DMode":false,"pivot":{"x":-0.009388469159603119,"y":0.8432998657226563,"z":-0.05330944061279297},"rotation":{"x":-0.25917112827301028,"y":0.004788714926689863,"z":-0.0012851975625380874,"w":-0.9658187627792358},"size":13.611651420593262,"orthographic":false}