{"cameraMode":{"drawMode":0,"name":"Shaded","section":"Shading Mode"},"sceneLighting":true,"audioPlay":false,"sceneViewState":{"showFog":true,"showMaterialUpdate":false,"showSkybox":true,"showFlares":true,"showImageEffects":true,"showParticleSystems":true},"in2DMode":false,"pivot":{"x":263.11474609375,"y":140.79339599609376,"z":44.83876037597656},"rotation":{"x":0.0074923052452504639,"y":-0.0449836291372776,"z":0.0003373698564246297,"w":0.9989596605300903},"size":369.3270568847656,"orthographic":true}